{"levelName":"","stagePath":"","levelObjects":[{"_position":{"x":-12.497078895568848,"y":-7.11422872543335},"_scale":{"x":1.5,"y":1.5},"layer":0,"imageName":"sky.png"},{"_position":{"x":-12.490541458129883,"y":-6.975193977355957},"_scale":{"x":1.5,"y":1.5},"layer":1,"imageName":"city.png"},{"_position":{"x":-12.575084686279297,"y":-7.138484954833984},"_scale":{"x":1.5,"y":1.5},"layer":2,"imageName":"behindTrain.png"},{"_position":{"x":-12.590314865112305,"y":-7.0969648361206059},"_scale":{"x":1.5,"y":1.5},"layer":4,"imageName":"street.png"}],"bfPos":{"x":5.236626148223877,"y":-4.0829691886901859},"gfPos":{"x":-0.381614089012146,"y":-2.9294657707214357},"enemyPos":{"x":-5.40274715423584,"y":-4.0829691886901859},"enemyCamPos":{"x":-2.5299999713897707,"y":0.09000000357627869},"bfCamPos":{"x":2.644636631011963,"y":-0.4053279459476471}}