{"song":{"sectionLengths":[],"player1":"bf","player2":"selever","notes":[{"sectionNotes":[[0,0,0],[0,0,0],[114.503816793893,0,0],[114.503816793893,0,0],[229.007633587786,1,0],[229.007633587786,1,0],[458.015267175572,0,0],[343.511450381679,0,0],[343.511450381679,0,0],[572.519083969466,1,0],[572.519083969466,1,0],[801.526717557252,0,0],[687.022900763359,0,0],[687.022900763359,0,0],[916.030534351145,1,0],[916.030534351145,1,0],[1374.04580152672,2,0],[1374.04580152672,2,0],[1488.54961832061,2,0],[1488.54961832061,2,0],[1603.0534351145,3,0],[1603.0534351145,3,0],[1030.53435114504,0,0],[1030.53435114504,0,0]],"lengthInSteps":16,"typeOfSection":0,"mustHitSection":false},{"sectionNotes":[[1832.06106870229,0,0],[1832.06106870229,0,0],[1832.06106870229,0,0],[1832.06106870229,0,0],[1946.56488549618,0,0],[1946.56488549618,0,0],[1946.56488549618,0,0],[1946.56488549618,0,0],[2061.06870229008,1,0],[2061.06870229008,1,0],[2061.06870229008,1,0],[2061.06870229008,1,0],[2290.07633587786,0,0],[2290.07633587786,0,0],[2175.57251908397,0,0],[2175.57251908397,0,0],[2175.57251908397,0,0],[2175.57251908397,0,0],[2404.58015267176,1,0],[2404.58015267176,1,0],[2404.58015267176,1,0],[2404.58015267176,1,0],[2633.58778625954,0,0],[2633.58778625954,0,0],[2519.08396946565,0,0],[2519.08396946565,0,0],[2519.08396946565,0,0],[2519.08396946565,0,0],[2748.09160305343,1,0],[2748.09160305343,1,0],[2748.09160305343,1,0],[2748.09160305343,1,0],[3206.10687022901,2,0],[3206.10687022901,2,0],[3206.10687022901,2,0],[3206.10687022901,2,0],[3320.6106870229,2,0],[3320.6106870229,2,0],[3320.6106870229,2,0],[3320.6106870229,2,0],[3435.11450381679,3,0],[3435.11450381679,3,0],[3435.11450381679,3,0],[3435.11450381679,3,0],[2862.59541984733,0,0],[2862.59541984733,0,0],[2862.59541984733,0,0],[2862.59541984733,0,0]],"lengthInSteps":16,"typeOfSection":0,"mustHitSection":false},{"sectionNotes":[[3664.12213740458,3,0],[3664.12213740458,3,0],[3778.62595419847,3,0],[3778.62595419847,3,0],[3893.12977099237,2,0],[3893.12977099237,2,0],[4007.63358778626,3,0],[4122.13740458015,3,0],[4122.13740458015,3,0],[4236.64122137405,2,0],[4236.64122137405,2,0],[4351.14503816794,3,0],[4351.14503816794,3,0],[4351.14503816794,3,0],[4351.14503816794,3,0],[4465.64885496183,3,0],[4465.64885496183,3,0],[4580.15267175573,2,0],[4580.15267175573,2,0],[4694.65648854962,3,0],[4694.65648854962,3,0],[4923.6641221374,1,0],[4923.6641221374,1,0],[5038.1679389313,1,0],[5038.1679389313,1,0],[5152.67175572519,0,0],[5152.67175572519,0,0],[5267.17557251908,1,0],[5267.17557251908,1,0]],"lengthInSteps":16,"typeOfSection":0,"mustHitSection":false},{"sectionNotes":[],"lengthInSteps":16,"typeOfSection":0,"mustHitSection":true},{"sectionNotes":[[9600,0,0],[10800,3,0]],"lengthInSteps":16,"typeOfSection":0,"mustHitSection":false},{"sectionNotes":[[12000,0,0],[13200,3,0]],"lengthInSteps":16,"typeOfSection":0,"mustHitSection":false},{"sectionNotes":[[14400,0,0],[15600,3,0]],"lengthInSteps":16,"typeOfSection":0,"mustHitSection":true},{"sectionNotes":[[16800,0,0],[18000,3,0]],"lengthInSteps":16,"typeOfSection":0,"mustHitSection":true},{"sectionNotes":[[19200,2,0],[20400,1,0]],"lengthInSteps":16,"typeOfSection":0,"mustHitSection":false},{"sectionNotes":[[21600,2,0],[22800,1,0]],"lengthInSteps":16,"typeOfSection":0,"mustHitSection":false},{"sectionNotes":[[24000,2,0],[25200,1,0]],"lengthInSteps":16,"typeOfSection":0,"mustHitSection":true},{"sectionNotes":[[26400,2,0],[27600,1,0]],"lengthInSteps":16,"typeOfSection":0,"mustHitSection":true},{"sectionNotes":[[28800,0,0],[30000,2,0]],"lengthInSteps":16,"typeOfSection":0,"mustHitSection":false},{"sectionNotes":[[31200,1,0],[32400,3,0]],"lengthInSteps":16,"typeOfSection":0,"mustHitSection":false},{"sectionNotes":[[33600,0,0],[34800,2,0]],"lengthInSteps":16,"typeOfSection":0,"mustHitSection":true},{"sectionNotes":[[36000,1,0],[37200,3,0]],"lengthInSteps":16,"typeOfSection":0,"mustHitSection":true},{"sectionNotes":[[38400,1,0],[39000,1,0],[39600,2,0]],"lengthInSteps":16,"typeOfSection":0,"mustHitSection":false},{"sectionNotes":[[40800,1,0],[41400,1,0],[42000,3,0]],"lengthInSteps":16,"typeOfSection":0,"mustHitSection":false},{"sectionNotes":[[43200,1,0],[43800,1,0],[44400,2,0]],"lengthInSteps":16,"typeOfSection":0,"mustHitSection":true},{"sectionNotes":[[45600,1,0],[46200,1,0],[46800,3,0]],"lengthInSteps":16,"typeOfSection":0,"mustHitSection":true},{"sectionNotes":[[48000,1,0],[48300,2,0],[48600,3,0],[48900,2,0],[49800,3,0]],"lengthInSteps":16,"typeOfSection":0,"mustHitSection":false},{"sectionNotes":[[50400,1,0],[50700,2,0],[51000,3,0],[51300,2,0],[52200,3,0]],"lengthInSteps":16,"typeOfSection":0,"mustHitSection":true},{"sectionNotes":[[52800,3,0],[53400,1,0],[54000,0,0],[54600,1,0]],"lengthInSteps":16,"typeOfSection":0,"mustHitSection":true},{"sectionNotes":[[55200,2,0],[55800,3,0],[56400,0,0],[57000,2,0]],"lengthInSteps":16,"typeOfSection":0,"mustHitSection":true},{"sectionNotes":[[57600,1,750]],"lengthInSteps":16,"typeOfSection":0,"mustHitSection":true},{"sectionNotes":[],"lengthInSteps":16,"typeOfSection":0,"mustHitSection":true},{"sectionNotes":[[62400,0,0],[62550,1,0],[62700,2,0],[62850,3,0],[63000,2,0],[63150,1,0],[63300,0,0],[63450,1,0],[63600,2,0],[63750,3,0],[63900,2,0],[64050,3,0],[64200,2,0],[64350,3,0],[64650,0,0],[64500,1,0]],"lengthInSteps":16,"typeOfSection":0,"mustHitSection":true},{"typeOfSection":0,"sectionNotes":[],"lengthInSteps":16,"bpm":100,"changeBPM":false,"mustHitSection":true},{"lengthInSteps":16,"altAnim":false,"typeOfSection":0,"sectionNotes":[],"bpm":100,"changeBPM":false,"mustHitSection":true},{"lengthInSteps":16,"altAnim":false,"typeOfSection":0,"sectionNotes":[],"bpm":131,"changeBPM":false,"mustHitSection":true},{"lengthInSteps":16,"altAnim":false,"typeOfSection":0,"sectionNotes":[],"bpm":131,"changeBPM":false,"mustHitSection":true},{"lengthInSteps":16,"altAnim":false,"typeOfSection":0,"sectionNotes":[],"bpm":131,"changeBPM":false,"mustHitSection":true},{"lengthInSteps":16,"altAnim":false,"typeOfSection":0,"sectionNotes":[],"bpm":131,"changeBPM":false,"mustHitSection":true},{"lengthInSteps":16,"altAnim":false,"typeOfSection":0,"sectionNotes":[],"bpm":131,"changeBPM":false,"mustHitSection":true},{"lengthInSteps":16,"altAnim":false,"typeOfSection":0,"sectionNotes":[],"bpm":131,"changeBPM":false,"mustHitSection":true},{"lengthInSteps":16,"altAnim":false,"typeOfSection":0,"sectionNotes":[],"bpm":131,"changeBPM":false,"mustHitSection":true},{"lengthInSteps":16,"altAnim":false,"typeOfSection":0,"sectionNotes":[],"bpm":131,"changeBPM":false,"mustHitSection":true},{"lengthInSteps":16,"altAnim":false,"typeOfSection":0,"sectionNotes":[],"bpm":131,"changeBPM":false,"mustHitSection":true},{"lengthInSteps":16,"altAnim":false,"typeOfSection":0,"sectionNotes":[],"bpm":131,"changeBPM":false,"mustHitSection":true}],"song":"Casanova","validScore":true,"sections":0,"needsVoices":false,"speed":2,"bpm":131},"crossFade":{"notes":[{"altAnim":null,"sectionNotes":[[0,0,0],[0,0,0],[114.503816793893,0,0],[114.503816793893,0,0],[229.007633587786,1,0],[229.007633587786,1,0],[458.015267175572,0,0],[343.511450381679,0,0],[343.511450381679,0,0],[572.519083969466,1,0],[572.519083969466,1,0],[801.526717557252,0,0],[687.022900763359,0,0],[687.022900763359,0,0],[916.030534351145,1,0],[916.030534351145,1,0],[1374.04580152672,2,0],[1374.04580152672,2,0],[1488.54961832061,2,0],[1488.54961832061,2,0],[1603.0534351145,3,0],[1603.0534351145,3,0],[1030.53435114504,0,0],[1030.53435114504,0,0]],"bpm":null,"changeBPM":null,"mustHitSection":false,"crossFade":false},{"altAnim":null,