{"levelName":"","stagePath":"","levelObjects":[{"_position":{"x":-15.563960075378418,"y":-8.623805046081543},"_scale":{"x":1.0,"y":1.0},"layer":0,"defID":0,"hasAnimation":false,"imageName":"Background1.png"},{"_position":{"x":-15.600000381469727,"y":-9.0},"_scale":{"x":1.0,"y":1.0},"layer":3,"defID":0,"hasAnimation":false,"imageName":"Fences.png"},{"_position":{"x":-0.8382673263549805,"y":-3.9927725791931154},"_scale":{"x":1.0,"y":1.0},"layer":1,"defID":0,"hasAnimation":true,"imageName":"Back Characters.png"},{"_position":{"x":-1.1953306198120118,"y":-3.659512758255005},"_scale":{"x":1.0,"y":1.0},"layer":2,"defID":0,"hasAnimation":true,"imageName":"Front Characters.png"}],"bfPos":{"x":5.026919841766357,"y":-5.977088928222656},"gfPos":{"x":-0.549056887626648,"y":-4.681427001953125},"enemyPos":{"x":-6.518359184265137,"y":-5.815131187438965},"enemyCamPos":{"x":-3.9500467777252199,"y":-1.2816123962402344},"bfCamPos":{"x":3.102234125137329,"y":-1.7098664045333863}}