{"levelObjects":[{"_position":{"x":-11.746000289916993,"y":-5.300000190734863},"_scale":{"x":1.5,"y":1.5},"layer":0,"imageName":"Stickman.png"}],"bfPos":{"x":4.726261138916016,"y":-3.9289989471435549},"gfPos":{"x":0.12114453315734863,"y":-2.9341824054718019},"enemyPos":{"x":-4.854805946350098,"y":-4.109109878540039},"enemyCamPos":{"x":-2.5299999713897707,"y":0.09000000357627869},"bfCamPos":{"x":2.0899999141693117,"y":-0.17000000178813935}}